OBJECTID_1,NOMBRE_ENT,DEPARTAMEN,COD_DEPART,AREA_KM,MeanCO2e
4184,POTOSÍ,NARIÑO,52,376.60223379,162.602703166
4185,PUERTO CAICEDO,PUTUMAYO,86,926.2328054,396.024717629
4186,CÓRDOBA,NARIÑO,52,304.59058094,249.235595988
4187,PUERRES,NARIÑO,52,350.1471959,392.586067557
4188,ORITO,PUTUMAYO,86,1936.37299393,336.975464858
4189,CONTADERO,NARIÑO,52,43.22761744,295.730772752
4190,CARMEN DE APICALÁ,TOLIMA,73,190.56721892,313.869467785
4191,ESPINAL,TOLIMA,73,217.42683356,244.396092835
4192,GUAMO,TOLIMA,73,505.46081647,193.095009792
4193,SUÁREZ,TOLIMA,73,189.54101824,302.385808599
4194,ICONONZO,TOLIMA,73,216.55900684,261.302609739
4195,MELGAR,TOLIMA,73,202.65188504,189.495703439
4196,VALLE DE SAN JUAN,TOLIMA,73,198.35524044,282.198109956
4197,RONCESVALLES,TOLIMA,73,770.5297372,259.008796248
4198,VILLAVICENCIO,META,50,1311.45774331,339.178900331
4199,ARBELÁEZ,CUNDINAMARCA,25,144.32259537,184.828849161
4200,FLANDES,TOLIMA,73,97.40408795,209.912626016
4201,GUTIÉRREZ,CUNDINAMARCA,25,455.00080853,295.025427062
4202,TRUJILLO,VALLE DEL CAUCA,76,307.2777209,274.178632774
4203,GÉNOVA,QUINDÍO,63,292.4235308,301.375955173
4204,BUGALAGRANDE,VALLE DEL CAUCA,76,396.10199718,243.774552452
4205,SAN LUIS,TOLIMA,73,411.43515176,280.088838734
4206,ROVIRA,TOLIMA,73,739.66811448,373.628909361
4207,GUAYABETAL,CUNDINAMARCA,25,221.56875445,329.388550504
4208,FOSCA,CUNDINAMARCA,25,112.680364,383.55111197
4209,NILO,CUNDINAMARCA,25,224.38521591,207.818179044
4210,CUMARAL,META,50,620.95257041,292.928856773
4211,PIJAO,QUINDÍO,63,252.40323791,275.467809055
4212,RICAURTE,CUNDINAMARCA,25,127.94597683,292.418004232
4213,TIBACUY,CUNDINAMARCA,25,84.77697572,213.882524805
4214,PASCA,CUNDINAMARCA,25,252.06649524,268.253428838
4215,BUENAVISTA,QUINDÍO,63,36.9195544,239.249403141
4216,QUETAME,CUNDINAMARCA,25,138.27836739,286.660625394
4217,SEVILLA,VALLE DEL CAUCA,76,539.36748181,356.496075824
4218,CAICEDONIA,VALLE DEL CAUCA,76,167.11177022,201.606060606
4219,AGUA DE DIOS,CUNDINAMARCA,25,85.67484894,339.178900331
4220,FUSAGASUGÁ,CUNDINAMARCA,25,211.48560367,269.361562634
4221,UNE,CUNDINAMARCA,25,210.70425715,225.384401912
4222,GIRARDOT,CUNDINAMARCA,25,129.99363245,219.054918591
4223,CÓRDOBA,QUINDÍO,63,95.45615179,204.867578852
4224,EL CALVARIO,META,50,275.34714528,275.380769221
4225,PAPUNAUA(Cor. Departamental),VAUPÉS,97,5550.8750221,392.5487966
4226,GUADALUPE,HUILA,41,250.69514003,193.095009792
4227,BOLÍVAR,CAUCA,19,797.09295585,255.65322506
4228,MAGÜÍ (Payán),NARIÑO,52,1810.00576153,256.78034295
4229,LEIVA,NARIÑO,52,309.7666078,390.182667895
4230,OPORAPA,HUILA,41,154.21917479,361.783783784
4231,SUCRE,CAUCA,19,135.72187414,372.54268198
4232,LA VEGA,CAUCA,19,517.10668883,292.533265299
4233,ALTAMIRA,HUILA,41,181.01637022,220.075742766
4234,CALAMAR,GUAVIARE,95,13559.8674431,394.181162862
4235,SAN AGUSTÍN,HUILA,41,1387.97207482,297.95466577
4236,FLORENCIA,CAQUETÁ,18,2587.37043554,339.178900331
4237,BALBOA,CAUCA,19,413.15962934,278.124146553
4238,MIRANDA,CAUCA,19,188.04217121,279.955173186
4239,BARAYA,HUILA,41,786.19750589,200.846420954
4240,PLANADAS,TOLIMA,73,1755.83807455,202.933698011
4241,PUERTO TEJADA,CAUCA,19,109.76703377,392.586067557
4242,FLORIDA,VALLE DEL CAUCA,76,403.87259101,209.912626016
4243,MAPIRIPANA,GUAINÍA,94,4923.96698459,396.300018311
4244,AIPE,HUILA,41,796.39477687,163.124504371
4245,CANDELARIA,VALLE DEL CAUCA,76,294.16380297,259.662954138
4246,MAPIRIPÁN,META,50,11946.462871,395.870478156
4247,PRADERA,VALLE DEL CAUCA,76,357.28738952,186.642993965
4248,SAN JUAN DE ARAMA,META,50,1179.96563796,348.304297638
4249,ALPUJARRA,TOLIMA,73,501.48014423,179.774102232
4250,CALI,VALLE DEL CAUCA,76,557.3843669,339.178900331
4251,FUENTE DE ORO,META,50,576.08958239,350.09129766
4252,MESETAS,META,50,2278.53760937,338.406872737
4253,GRANADA,META,50,336.73135247,346.625072105
4254,ATACO,TOLIMA,73,1014.95546812,175.064894628
4255,NATAGAIMA,TOLIMA,73,860.6775519,197.291978032
4256,YUMBO,VALLE DEL CAUCA,76,231.85623713,229.228782288
4257,PALMIRA,VALLE DEL CAUCA,76,1004.46871205,278.833215651
4258,BARRANCO MINA,GUAINÍA,94,9467.80405596,396.300018311
4259,EL CASTILLO,META,50,570.93735633,362.211951321
4260,EL DORADO,META,50,118.03384591,339.144953781
4261,EL CERRITO,VALLE DEL CAUCA,76,441.94123609,206.323231407
4262,CACAHUAL,GUAINÍA,94,2334.92688851,396.300018311
4263,RIOBLANCO,TOLIMA,73,2049.444733,244.601124753
4264,URIBE,META,50,6437.42423709,349.210970332
4265,SAN MARTÍN,META,50,5945.41419148,391.38138577
4266,PRADO,TOLIMA,73,418.09622613,186.642993965
4267,YARUMAL,ANTIOQUIA,5,717.28535235,393.095337403
4268,VIJES,VALLE DEL CAUCA,76,112.64859126,181.601503759
4269,GINEBRA,VALLE DEL CAUCA,76,267.95010271,249.424404119
4270,DOLORES,TOLIMA,73,652.67417255,248.111122731
4271,GUACARÍ,VALLE DEL CAUCA,76,163.19227259,255.712579533
4272,LA CUMBRE,VALLE DEL CAUCA,76,254.79652639,305.896010313
4273,RESTREPO,VALLE DEL CAUCA,76,135.85938797,242.94414434
4274,COYAIMA,TOLIMA,73,663.43229179,250.873092379
4275,CASTILLA LA NUEVA,META,50,512.01727888,377.936094605
4276,SAN CARLOS DE GUAROA,META,50,807.2830543,357.384454874
4277,VILLARRICA,TOLIMA,73,430.27073759,255.19742419
4278,BUGA,VALLE DEL CAUCA,76,821.8054618,239.249403141
4279,PURIFICACIÓN,TOLIMA,73,406.23657555,256.222682987
4280,CUBARRAL,META,50,1156.36976633,294.290938231
4281,CABRERA,CUNDINAMARCA,25,421.78353262,377.221166968
4282,CHAPARRAL,TOLIMA,73,2105.31006686,218.155436325
4283,SAN PEDRO,VALLE DEL CAUCA,76,210.73676266,313.177278383
4284,YOTOCO,VALLE DEL CAUCA,76,327.52780212,263.762708632
4285,CALIMA (El Darién),VALLE DEL CAUCA,76,798.08373535,292.654095564
4286,GUAMAL,META,50,599.36594939,255.712579533
4287,ORTEGA,TOLIMA,73,946.36156205,184.07142051
4288,SAN ANTONIO,TOLIMA,73,393.72211411,221.154687734
4289,VENECIA,CUNDINAMARCA,25,122.42021961,337.339093018
4290,MACHETÁ,CUNDINAMARCA,25,230.17590224,349.565415232
4291,QUEBRADANEGRA,CUNDINAMARCA,25,79.57997607,329.473445953
4292,ZIPAQUIRÁ,CUNDINAMARCA,25,193.38573558,314.868002998
4293,LA CAPILLA,BOYACÁ,15,57.76698077,389.843921226
4294,NEMOCÓN,CUNDINAMARCA,25,98.20665599,324.198716806
4295,MANIZALES,CALDAS,17,442.592235,339.178900331
4296,HERVEO,TOLIMA,73,323.17778314,314.989575234
4297,FALAN,TOLIMA,73,181.51362647,339.144953781
4298,RISARALDA,CALDAS,17,89.70360729,244.601124753
4299,TAURAMENA,CASANARE,85,2385.83772714,385.810112746
4300,SAN JOSÉ DEL PALMAR,CHOCÓ,27,1580.53465941,236.433652042
4301,VERGARA,CUNDINAMARCA,25,144.63078881,243.106508876
4302,NIMAIMA,CUNDINAMARCA,25,56.91893515,261.88615394
4303,PÁEZ,BOYACÁ,15,351.99378415,294.047368684
4304,GUASCA,CUNDINAMARCA,25,362.80854035,269.683032182
4305,RESTREPO,META,50,369.08017875,242.94414434
4306,ANGOSTURA,ANTIOQUIA,5,329.45705497,328.262148338
4307,OROCUÉ,CASANARE,85,4736.23935593,391.660612544
4308,SUESCA,CUNDINAMARCA,25,172.67541917,356.844057971
4309,MIRAFLORES,BOYACÁ,15,255.88385002,279.955173186
4310,CHOCONTÁ,CUNDINAMARCA,25,302.43619533,281.178240142
4311,ÚTICA,CUNDINAMARCA,25,91.20373123,331.521631189
4312,TAUSA,CUNDINAMARCA,25,202.86553892,207.901260823
4313,BELÉN DE UMBRÍA,RISARALDA,66,180.78502392,300.688675659
4314,NEIRA,CALDAS,17,368.53734931,324.198716806
4315,ANSERMA,CALDAS,17,208.72713343,320.024246724
4316,ISTMINA,CHOCÓ,27,1883.31386762,281.759620019
4317,TULUÁ,VALLE DEL CAUCA,76,902.84489159,277.526505205
4318,RIOFRÍO,VALLE DEL CAUCA,76,307.31144779,244.601124753
4319,ACACÍAS,META,50,1123.31652102,347.434594824
4320,ANDALUCÍA,VALLE DEL CAUCA,76,111.03673613,249.773529452
4321,SAN BERNARDO,CUNDINAMARCA,25,245.37705111,307.802664236
4322,PANDI,CUNDINAMARCA,25,71.54115648,383.776726281
4323,CÁQUEZA,CUNDINAMARCA,25,112.53211847,357.835877863
4324,ZARZAL,VALLE DEL CAUCA,76,368.00721606,324.029784151
4325,NARIÑO,CUNDINAMARCA,25,55.11335393,339.936871947
4326,LA TEBAIDA,QUINDÍO,63,90.86962981,195.930656934
4327,BOLÍVAR,VALLE DEL CAUCA,76,742.76851031,255.65322506
4328,CHIPAQUE,CUNDINAMARCA,25,150.17126445,175.840499123
4329,COELLO,TOLIMA,73,341.70664594,389.370616999
4330,ROLDANILLO,VALLE DEL CAUCA,76,235.22652538,259.008796248
4331,VIOTÁ,CUNDINAMARCA,25,203.91827856,267.689122667
4332,SIBATÉ,CUNDINAMARCA,25,122.18268173,283.440000861
4333,SAN JUANITO,META,50,237.14725282,289.081736115
4334,UBAQUE,CUNDINAMARCA,25,108.51050698,321.385041485
4335,LA VICTORIA,VALLE DEL CAUCA,76,264.98314061,225.144909583
4336,EL LITORAL DEL SAN JUÁN (Docordó),CHOCÓ,27,4125.68402552,344.37348001
4337,MONTENEGRO,QUINDÍO,63,149.9166575,175.75862069
4338,CAJAMARCA,TOLIMA,73,509.2043945,339.055262829
4339,ARMENIA,QUINDÍO,63,119.62214156,339.178900331
4340,LA VICTORIA (Pacoa),AMAZONAS,91,1432.7949756,304.26131626
4341,SAN MIGUEL (La Dorada),PUTUMAYO,86,380.05819106,352.437613818
4342,GUATAQUÍ,CUNDINAMARCA,25,88.95630552,237.283898033
4343,EL DOVIO,VALLE DEL CAUCA,76,206.25034631,344.37348001
4344,TOCAIMA,CUNDINAMARCA,25,247.73239651,210.274748623
4345,PUERTO LLERAS,META,50,2548.92036575,396.300018311
4346,EL COLEGIO,CUNDINAMARCA,25,117.64968649,275.380769221
4347,APULO,CUNDINAMARCA,25,118.84317412,357.821253281
4348,PIEDRAS,TOLIMA,73,356.60500968,233.53248511
4349,ANAPOIMA,CUNDINAMARCA,25,123.52464471,182.909576147
4350,CHOACHÍ,CUNDINAMARCA,25,212.91729633,326.37470132
4351,SAN ANTONIO DE  TEQUENDAMA,CUNDINAMARCA,25,89.50637892,330.953271028
4352,JERUSALÉN,CUNDINAMARCA,25,223.00427794,333.969625341
4353,OBANDO,VALLE DEL CAUCA,76,214.79247429,172.227272727
4354,CIRCASIA,QUINDÍO,63,91.48098292,391.167847196
4355,LA PEDRERA,AMAZONAS,91,13688.0255875,395.872789106
4356,SANTANDER (Araracuara),AMAZONAS,91,14731.2354751,394.752582088
4357,MIRITÍ-PARANÁ (Campoamor),AMAZONAS,91,16866.1197729,384.890971158
4358,PALOCABILDO,TOLIMA,73,65.2990159,278.833215651
4359,GUALMATÁN,NARIÑO,52,30.05021889,223.433338589
4360,ALDANA,NARIÑO,52,47.572409,307.306871798
4361,PUPIALES,NARIÑO,52,129.67241494,256.222682987
4362,ILES,NARIÑO,52,80.46113931,261.302609739
4363,FUNES,NARIÑO,52,394.84615638,350.09129766
4364,SOLITA,CAQUETÁ,18,694.75057649,372.54268198
4365,PUERTO GUZMÁN,PUTUMAYO,86,4544.45694729,393.86891942
4366,OSPINA,NARIÑO,52,64.8359476,337.339093018
4367,VILLAGARZÓN,PUTUMAYO,86,1399.59150347,327.468536341
4368,CUMBAL,NARIÑO,52,918.56935752,270.215091852
4369,SAPUYES,NARIÑO,52,115.09932768,269.261804563
4370,IMUÉS,NARIÑO,52,81.86095911,389.805319928
4371,SOLANO,CAQUETÁ,18,42317.5338907,394.891302893
4372,YACUANQUER,NARIÑO,52,102.40425637,327.468536341
4373,SANTIAGO,PUTUMAYO,86,339.72870977,282.238643788
4374,TANGUA,NARIÑO,52,218.21794113,261.067446213
4375,GUAITARILLA,NARIÑO,52,116.92364626,336.975464858
4376,CURILLO,CAQUETÁ,18,488.72155183,306.968135296
4377,CONSACÁ,NARIÑO,52,119.09198278,259.127118874
4378,SAN FRANCISCO,PUTUMAYO,86,407.95240424,274.217728482
4379,TÚQUERRES,NARIÑO,52,217.15211084,201.779249769
4380,COLÓN,PUTUMAYO,86,64.51416649,349.840541943
4381,PROVIDENCIA,NARIÑO,52,40.13647729,377.182980152
4382,TARQUI,HUILA,41,363.71460442,246.558962264
4383,ROBERTO PAYÁN (San José),NARIÑO,52,1457.56584769,267.26549986
4384,LA SIERRA,CAUCA,19,208.32821272,280.228164611
4385,SALADOBLANCO,HUILA,41,466.37561031,236.433652042
4386,ISNOS,HUILA,41,376.73997378,257.91506958
4387,LA ARGENTINA,HUILA,41,357.25005066,281.807029028
4388,EL PAUJIL,CAQUETÁ,18,1251.2018803,324.115991189
4389,ROSAS,CAUCA,19,169.28498725,259.008796248
4390,GARZÓN,HUILA,41,608.24489096,322.587199685
4391,EL DONCELLO,CAQUETÁ,18,1105.86629608,350.491315593
4392,PATÍA (El Bordo),CAUCA,19,755.31225473,241.021223226
4393,SORACÁ,BOYACÁ,15,55.89946276,342.899997887
4394,BUENAVISTA,BOYACÁ,15,112.30161818,275.384800809
4395,SAN LUIS DE PALENQUE,CASANARE,85,2990.99333809,395.870478156
4396,SUTATAUSA,CUNDINAMARCA,25,64.89675807,356.565385085
4397,TORIBÍO,CAUCA,19,488.45654259,272.566669282
4398,LEJANÍAS,META,50,820.0264944,267.317984867
4399,COLOMBIA,HUILA,41,1584.5455506,301.997758285
4400,DAGUA,VALLE DEL CAUCA,76,919.41566062,245.990955917
4401,SALDAÑA,TOLIMA,73,199.36811849,226.118179519
4402,FRESNO,TOLIMA,73,218.43911349,283.13976378
4403,PACHO,CUNDINAMARCA,25,405.28646504,301.042874262
4404,CUCUNUBÁ,CUNDINAMARCA,25,110.2735301,308.984147483
4405,BERBEO,BOYACÁ,15,59.72623004,196.181691779
4406,MANZANARES,CALDAS,17,199.02902233,197.322828528
4407,PITAL,HUILA,41,193.62464231,275.467809055
4408,AGRADO,HUILA,41,268.27884847,219.184063578
4409,SOTARÁ (Paispamba),CAUCA,19,514.99988218,282.238643788
4410,PURACÉ (Coconuco),CAUCA,19,507.89226957,256.222682987
4411,INZÁ,CAUCA,19,867.53262635,275.972037127
4412,EL RETORNO,GUAVIARE,95,12428.8545628,375.718501147
4413,TIMBÍO,CAUCA,19,202.22202251,325.752760745
4414,PAICOL,HUILA,41,279.54912005,276.789928641
4415,LA PLATA,HUILA,41,814.99971573,327.675237111
4416,SAN FELIPE,GUAINÍA,94,3050.374812,396.300018311
4417,ARGELIA,CAUCA,19,775.82145084,303.681183591
4418,GIGANTE,HUILA,41,504.37795026,249.424404119
4419,POPAYÁN,CAUCA,19,480.16492971,339.178900331
4420,TOTORÓ,CAUCA,19,404.78904101,294.389812105
4421,PUERTO RICO,CAQUETÁ,18,4145.60378201,329.473445953
4422,MOSQUERA,NARIÑO,52,762.92098585,327.092912676
4423,OLAYA HERRERA (Bocas de Satinga),NARIÑO,52,1004.31265557,278.641662704
4424,SANTA BÁRBARA (Iscuandé),NARIÑO,52,1201.64412818,274.565525937
4425,TESALIA,HUILA,41,372.81571525,190.302394661
4426,LA TOLA,NARIÑO,52,417.86119724,259.121859246
4427,ÁREA EN LITIGIO,CAUCA,19,342.193751,275.972037127
4428,NÁTAGA,HUILA,41,128.42063445,197.291978032
4429,EL CHARCO,NARIÑO,52,2516.01156783,344.37348001
4430,GUAPI,CAUCA,19,2568.51781318,255.712579533
4431,CAJIBÍO,CAUCA,19,553.3438152,259.662954138
4432,YAGUARÁ,HUILA,41,333.01240635,327.468536341
4433,CAMPOALEGRE,HUILA,41,461.62333524,194.974993621
4434,SILVIA,CAUCA,19,679.99494321,281.22627274
4435,EL TAMBO,CAUCA,19,2736.49254488,324.115991189
4436,PIENDAMÓ,CAUCA,19,181.50612717,275.467809055
4437,RIVERA,HUILA,41,322.34665387,376.463317809
4438,MORICHAL (Morichal Nuevo),GUAINÍA,94,8553.89883034,396.300018311
4439,SAN JOSÉ DEL GUAVIARE,GUAVIARE,95,16782.6563548,339.178900331
4440,TIMBIQUÍ,CAUCA,19,2060.96692274,261.908786284
4441,SAN VICENTE DEL CAGUÁN,CAQUETÁ,18,17512.8940129,373.905922153
4442,MORALES,CAUCA,19,511.6207018,327.092912676
4443,TERUEL,HUILA,41,470.16497886,228.156857283
4444,PUERTO CONCORDIA,META,50,1254.01751467,295.863885354
4445,SANTA MARÍA,HUILA,41,338.58150282,343.21948885
4446,PÁEZ (Belalcázar),CAUCA,19,1796.98778061,264.551133094
4447,PUERTO RICO,META,50,3379.16176628,396.300018311
4448,PALERMO,HUILA,41,885.14639199,383.776726281
4449,BUENOS AIRES,CAUCA,19,232.23361629,286.374912324
4450,SANTANDER DE QUILICHAO,CAUCA,19,519.12867399,246.426079734
4451,TELLO,HUILA,41,531.57321915,245.875884889
4452,CALOTO,CAUCA,19,266.81981859,297.180201581
4453,GUACHENE,CAUCA,19,98.14024161,333.710626664
4454,VISTAHERMOSA,META,50,4837.24069972,378.74945943
4455,CORINTO,CAUCA,19,326.1908793,204.867578852
4456,SUÁREZ,CAUCA,19,593.86111069,303.015900445
4457,PADILLA,CAUCA,19,69.58387947,301.042874262
4458,LÓPEZ,CAUCA,19,3372.35293629,273.040632466
4459,VILLA RICA,CAUCA,19,81.26871046,225.384401912
4460,NEIVA,HUILA,41,1197.82722095,339.178900331
4461,SUTATENZA,BOYACÁ,15,40.33186846,265.085106383
4462,GUATEQUE,BOYACÁ,15,35.92756211,269.683032182
4463,VILLAHERMOSA,TOLIMA,73,280.92871995,288.109757586
4464,MONTERREY,CASANARE,85,776.07625007,272.54834851
4465,BELALCAZAR,CALDAS,17,113.58032013,300.688675659
4466,LA VEGA,CUNDINAMARCA,25,155.34871942,286.441011236
4467,MANTA,CUNDINAMARCA,25,106.43075059,213.769862029
4468,VILLETA,CUNDINAMARCA,25,140.96282804,249.81686769
4469,MANÍ,CASANARE,85,3733.61226568,395.839954357
4470,CHINCHINÁ,CALDAS,17,110.07442132,291.942718876
4471,SESQUILÉ,CUNDINAMARCA,25,139.16389034,356.496075824
4472,NOCAIMA,CUNDINAMARCA,25,70.14644475,260.720032963
4473,CAMPOHERMOSO,BOYACÁ,15,302.50431552,267.154339715
4474,SUPATÁ,CUNDINAMARCA,25,130.13079477,392.5487966
4475,CASABIANCA,TOLIMA,73,176.59786567,253.161403009
4476,SAN JOSÉ,CALDAS,17,61.0074315,218.312787236
4477,MEDIO SAN JUAN (Andagoya),CHOCÓ,27,670.00991583,295.863885354
4478,VITERBO,CALDAS,17,113.2807982,269.172794118
4479,SANTUARIO,RISARALDA,66,192.76388641,289.374023438
4480,PALESTINA,CALDAS,17,111.98670662,383.776726281
4481,MARMATO,CALDAS,17,36.41913079,186.639136745
4482,SUPIA,CALDAS,17,122.35951877,392.5487966
4483,PENSILVANIA,CALDAS,17,496.44454098,249.65149318
4484,SAN EDUARDO,BOYACÁ,15,107.59397726,236.433652042
4485,MARIQUITA,TOLIMA,73,294.37957671,327.324219591
4486,HONDA,TOLIMA,73,304.03280545,294.576048957
4487,EL PEÑÓN,CUNDINAMARCA,25,135.95362742,204.847576759
4488,VILLAGÓMEZ,CUNDINAMARCA,25,61.89843763,352.950544689
4489,ARANZAZU,CALDAS,17,148.95028366,303.681183591
4490,MARQUETALIA,CALDAS,17,90.28828634,330.846373168
4491,JENESANO,BOYACÁ,15,59.25480661,442.5
4492,ANCUYA,NARIÑO,52,68.81981885,249.773529452
4493,SIBUNDOY,PUTUMAYO,86,97.72332773,323.434212668
4494,PASTO,NARIÑO,52,1076.38097854,339.178900331
4495,VALPARAÍSO,CAQUETÁ,18,1030.30899511,396.300018311
4496,NARIÑO,NARIÑO,52,49.50774589,339.936871947
4497,MILÁN,CAQUETÁ,18,1230.76654724,384.890971158
4498,ALBANIA,CAQUETÁ,18,412.97912489,396.300018311
4499,SANDONÁ,NARIÑO,52,101.50758737,348.304297638
4500,MALLAMA (Piedrancha),NARIÑO,52,568.96205428,331.840091969
4501,LA FLORIDA,NARIÑO,52,136.21626428,361.705161605
4502,BUESACO,NARIÑO,52,636.08615756,286.374912324
4503,SANTA CRUZ (Guachavés),NARIÑO,52,539.11380129,341.958374023
4504,MOCOA,PUTUMAYO,86,1334.45869725,339.178900331
4505,RICAURTE,NARIÑO,52,1056.06000002,292.418004232
4506,LINARES,NARIÑO,52,135.77147211,294.073890573
4507,ALBÁN (San José),NARIÑO,52,38.85105429,328.544444614
4508,EL TABLÓN,NARIÑO,52,306.5965599,204.847576759
4509,CHACHAGUÍ,NARIÑO,52,146.15602397,307.63000278
4510,ARBOLEDA (Berruecos),NARIÑO,52,60.33617182,215.473552158
4511,EL TAMBO,NARIÑO,52,246.63136594,329.880927804
4512,CARTAGENA DEL CHAIRÁ,CAQUETÁ,18,12770.0754072,377.936094605
4513,SAN BERNARDO,NARIÑO,52,64.92665052,272.181126241
4514,MORELIA,CAQUETÁ,18,475.00756978,393.859580785
4515,SAN JOSÉ DEL FRAGUA,CAQUETÁ,18,1239.5588739,326.683912086
4516,PIAMONTE,CAUCA,19,1104.96128062,321.41617234
4517,SAN PEDRO DE CARTAGO (Cartago),NARIÑO,52,55.01719692,425.798437595
4518,EL PEÑOL,NARIÑO,52,121.56992907,176.354346676
4519,BELÉN,NARIÑO,52,41.83827953,436.723404255
4520,LA CRUZ,NARIÑO,52,238.94244407,281.807029028
4521,LA LLANADA,NARIÑO,52,245.04751823,356.080931699
4522,SAN LORENZO,NARIÑO,52,248.85934237,289.374023438
4523,COLÓN (Génova),NARIÑO,52,61.76946759,330.705882353
4524,TAMINANGO,NARIÑO,52,234.63315912,171.309850985
4525,LA UNIÓN,NARIÑO,52,142.23272717,228.616463266
4526,SAN PABLO,NARIÑO,52,112.33048212,277.086564558
4527,CARURÚ,VAUPÉS,97,6368.49762033,389.478518858
4528,BELÉN DE LOS ANDAQUÍES,CAQUETÁ,18,1141.85181553,339.386850985
4529,MONTAÑITA,CAQUETÁ,18,1703.73854516,385.810112746
4530,GUÁTICA,RISARALDA,66,100.57038921,255.712579533
4531,SANTA ROSALÍA,VICHADA,99,3914.72953561,373.628909361
4532,QUINCHÍA,RISARALDA,66,139.7371777,286.660625394
4533,UNIÓN PANAMERICANA ( Animas),CHOCÓ,27,177.64935473,379.785525486
4534,TADÓ,CHOCÓ,27,714.1682527,280.860087944
4535,OICATÁ,BOYACÁ,15,60.34310381,248.453369609
4536,NARIÑO,ANTIOQUIA,5,314.94032428,197.291978032
4537,BAGADÓ,CHOCÓ,27,807.46063112,300.699794802
4538,RIO QUITO (Paimadó),CHOCÓ,27,690.41816761,332.865870219
4539,ATRATO (Yuto),CHOCÓ,27,432.33754142,303.681183591
4540,LABRANZAGRANDE,BOYACÁ,15,640.47982569,305.896010313
4541,CHÍQUIZA,BOYACÁ,15,114.73383373,275.163968142
4542,SIPÍ,CHOCÓ,27,1571.45881117,269.230531187
4543,QUIPILE,CUNDINAMARCA,25,127.60847032,248.796000366
4544,FUNZA,CUNDINAMARCA,25,67.18173809,442.5
4545,GACHALÁ,CUNDINAMARCA,25,383.80463083,374.033273487
4546,ZIPACÓN,CUNDINAMARCA,25,54.04389463,395.700000581
4547,TENA,CUNDINAMARCA,25,51.27860294,190.302394661
4548,IBAGUÉ,TOLIMA,73,1377.78764339,339.178900331
4549,ALVARADO,TOLIMA,73,337.85930413,220.075742766
4550,VERSALLES,VALLE DEL CAUCA,76,231.15926087,251.675373134
4551,SALENTO,QUINDÍO,63,346.92915821,303.932997219
4552,ANZOÁTEGUI,TOLIMA,73,469.92201855,232.068855105
4553,LA MESA,CUNDINAMARCA,25,148.51642346,291.783144574
4554,VILLANUEVA,CASANARE,85,835.60028104,362.112520238
4555,ALCALÁ,VALLE DEL CAUCA,76,63.56737521,324.594393024
4556,LA VICTORIA,BOYACÁ,15,28.57833209,195.930656934
4557,CAPARRAPÍ,CUNDINAMARCA,25,615.85135628,313.869467785
4558,SAMACÁ,BOYACÁ,15,170.98701911,306.956922013
4559,BAJO BAUDÓ (Pizarro),CHOCÓ,27,3458.87531909,250.167247791
4560,RIOSUCIO,CALDAS,17,385.28513276,295.596829896
4561,CUMARIBO,VICHADA,99,65595.3545963,396.178639683
4562,CUCAITA,BOYACÁ,15,42.30485864,308.984147483
4563,MISTRATÓ,RISARALDA,66,565.93658772,307.081915348
4564,TRINIDAD,CASANARE,85,2949.70884658,304.26131626
4565,SIMIJACA,CUNDINAMARCA,25,99.04370549,269.230531187
4566,PÁCORA,CALDAS,17,259.40096829,301.042874262
4567,TUNJA,BOYACÁ,15,119.81241484,339.178900331
4568,TOTA,BOYACÁ,15,196.07964075,223.48043538
4569,SAN MIGUEL DE SEMA,BOYACÁ,15,95.10403638,343.21948885
4570,VICTORIA,CALDAS,17,557.04635049,352.268534571
4571,CARAMANTA,ANTIOQUIA,5,90.52181817,324.827778569
4572,PINCHOTE,SANTANDER,68,54.68005897,326.533841689
4573,LANDÁZURI,SANTANDER,68,595.80234349,356.080931699
4574,CHIQUINQUIRÁ,BOYACÁ,15,166.52224368,353.150126667
4575,FIRAVITOBA,BOYACÁ,15,109.61832126,319.217016813
4576,NUNCHÍA,CASANARE,85,1107.32461067,393.572450333
4577,AGUADAS,CALDAS,17,475.94570938,219.184063578
4578,TUTA,BOYACÁ,15,164.66642663,382.484495403
4579,SANTA ROSA DE OSOS,ANTIOQUIA,5,861.2420009,289.081736115
4580,SAMANÁ,CALDAS,17,757.19782973,309.686821941
4581,NORCASIA,CALDAS,17,227.88704325,342.256378063
4582,MONGUÍ,BOYACÁ,15,68.98873252,352.556596092
4583,SAN PABLO DE BORBUR,BOYACÁ,15,195.66222294,318.385532981
4584,INÍRIDA,GUAINÍA,94,15974.5475243,339.178900331
4585,VALLE DEL GUAMUEZ (La Hormiga),PUTUMAYO,86,816.33959106,393.762517929
4586,CUASPUD (Carlosama),NARIÑO,52,57.01512715,308.984147483
4587,MEDINA,CUNDINAMARCA,25,1198.91028015,347.144516818
4588,FÓMEQUE,CUNDINAMARCA,25,458.02278761,218.95197031
4589,PALESTINA,HUILA,41,178.80419218,394.043909376
4590,BARBACOAS,NARIÑO,52,2733.61868835,277.09203278
4591,LOS ANDES (Sotomayor),NARIÑO,52,957.86792909,273.040632466
4592,SANTA ROSA,CAUCA,19,3620.91434756,301.896183773
4593,POLICARPA,NARIÑO,52,433.85027396,364.936870607
4594,CUMBITARA,NARIÑO,52,355.84797303,245.990955917
4595,SAN SEBASTIÁN,CAUCA,19,417.60392935,277.086564558
4596,PITALITO,HUILA,41,626.07840667,166.666744946
4597,ALMAGUER,CAUCA,19,237.91552634,307.306871798
4598,EL ROSARIO,NARIÑO,52,520.08300121,324.115991189
4599,SUAZA,HUILA,41,429.94195695,302.385808599
4600,TIMANÁ,HUILA,41,186.28975926,325.752760745
4601,ELÍAS,HUILA,41,80.76716379,141.359990404
4602,MARSELLA,RISARALDA,66,148.73036591,362.112520238
4603,GACHANCIPÁ,CUNDINAMARCA,25,42.93623994,335.159592838
4604,VILLAMARIA,CALDAS,17,455.56671023,255.19742419
4605,NUEVO COLÓN,BOYACÁ,15,51.54293694,428.385000102
4606,TOPAIPÍ,CUNDINAMARCA,25,143.037796,194.088229567
4607,SAN CAYETANO,CUNDINAMARCA,25,288.59168143,305.463855791
4608,LA PALMA,CUNDINAMARCA,25,188.73767515,276.176147041
4609,GUADUAS,CUNDINAMARCA,25,762.93000915,336.975464858
4610,PUEBLO RICO,RISARALDA,66,613.01742935,371.299511195
4611,CIÉNEGA,BOYACÁ,15,53.97631405,192.329110018
4612,LA MERCED,CALDAS,17,89.37357423,297.679246147
4613,GUACHETÁ,CUNDINAMARCA,25,171.73416709,295.051003641
4614,CHÁMEZA,CASANARE,85,319.76280931,394.181162862
4615,PUERTO BOYACÁ,BOYACÁ,15,1507.23805413,371.299511195
4616,VILLAVIEJA,HUILA,41,540.53535731,159.610863398
4617,SALAMINA,CALDAS,17,390.5416549,305.463855791
4618,CARMEN DE CARUPA,CUNDINAMARCA,25,297.33496164,370.841468819
4619,VENTAQUEMADA,BOYACÁ,15,157.8305109,338.152079197
4620,PAIME,CUNDINAMARCA,25,173.19279768,276.789928641
4621,BOYACÁ,BOYACÁ,15,47.24418802,440.421052632
4622,FÚQUENE,CUNDINAMARCA,25,78.27002318,223.784104288
4623,PAJARITO,BOYACÁ,15,322.35276174,276.789928641
4624,CÉRTEGUI,CHOCÓ,27,420.97923195,337.964713367
4625,SUSA,CUNDINAMARCA,25,102.16507692,332.710083008
4626,EL CANTÓN DEL SAN PABLO (Managrú),CHOCÓ,27,380.21532053,267.154339715
4627,COPER,BOYACÁ,15,149.24518161,204.867578852
4628,PACHAVITA,BOYACÁ,15,65.85245055,395.916984298
4629,VILLAPINZÓN,CUNDINAMARCA,25,225.62869695,255.19742419
4630,TURMEQUÉ,BOYACÁ,15,79.59578371,387.840654473
4631,AGUAZUL,CASANARE,85,1445.01416596,379.887249886
4632,ZETAQUIRÁ,BOYACÁ,15,250.67242163,352.150853649
4633,UBATÉ,CUNDINAMARCA,25,102.63121007,403.840678845
4634,FILADELFIA,CALDAS,17,193.47986196,319.217016813
4635,MARULANDA,CALDAS,17,376.92442744,240.071271456
4636,LENGUAZAQUE,CUNDINAMARCA,25,153.55648603,395.872789106
4637,RECETOR,CASANARE,85,182.10104995,218.95197031
4638,MEDIO BAUDÓ(Boca de Pepé),CHOCÓ,27,1374.776793,304.26131626
4639,PANÁ-PANÁ (Campo Alegre),GUAINÍA,94,10196.3637393,393.095337403
4640,EL PEÑÓN,SANTANDER,68,399.52701841,344.37348001
4641,ENCINO,SANTANDER,68,397.30450155,323.956551661
4642,HELICONIA,ANTIOQUIA,5,115.09861154,314.989575234
4643,SUSACÓN,BOYACÁ,15,183.35365487,281.534721092
4644,PUERTO CARREÑO,VICHADA,99,12205.6604356,339.178900331
4645,GUAPOTÁ,SANTANDER,68,67.12150613,269.683032182
4646,SOATÁ,BOYACÁ,15,123.42729193,373.905922153
4647,ANZÁ,ANTIOQUIA,5,257.28064311,317.244042807
4648,COPACABANA,ANTIOQUIA,5,68.61362073,204.867578852
4649,CONCEPCIÓN,ANTIOQUIA,5,178.78070837,301.997758285
4650,SAN MATEO,BOYACÁ,15,124.92514566,224.044497159
4651,SAN JERÓNIMO,ANTIOQUIA,5,164.85023915,319.873849253
4652,YALÍ,ANTIOQUIA,5,443.65750827,327.468536341
4653,EL CARMEN,SANTANDER,68,920.17195668,302.363354978
4654,FRONTINO,ANTIOQUIA,5,1349.06473081,317.049122487
4655,CONCEPCIÓN,SANTANDER,68,337.1325063,259.127118874
4656,ARGELIA,ANTIOQUIA,5,245.86736875,354.707635956
4657,MONGUA,BOYACÁ,15,360.06248934,260.633755382
4658,FILANDIA,QUINDÍO,63,103.86521611,319.217016813
4659,TORO,VALLE DEL CAUCA,76,178.20571343,194.088229567
4660,BARRANCA DE UPÍA,META,50,407.61082603,286.374912324
4661,MOSQUERA,CUNDINAMARCA,25,106.02568234,327.092912676
4662,ULLOA,VALLE DEL CAUCA,76,42.36198301,225.384401912
4663,PARATEBUENO,CUNDINAMARCA,25,884.52742922,394.043909376
4664,PULÍ,CUNDINAMARCA,25,197.37393281,341.799337221
4665,BOJACÁ,CUNDINAMARCA,25,102.80056059,263.827692902
4666,UBALÁ,CUNDINAMARCA,25,523.15504041,327.913459415
4667,CACHIPAY,CUNDINAMARCA,25,52.17232059,264.88615441
4668,ARGELIA,VALLE DEL CAUCA,76,90.44087568,235.240384615
4669,GAMA,CUNDINAMARCA,25,107.11386177,366.730000305
4670,PALMAR,SANTANDER,68,19.80316702,278.991300058
4671,SAN JOAQUÍN,SANTANDER,68,143.68031791,327.688455702
4672,DON MATÍAS,ANTIOQUIA,5,201.93383787,348.75
4673,COVARACHÍA,BOYACÁ,15,102.46367859,267.63559322
4674,SAN CALIXTO,NORTE DE SANTANDER,54,396.35964885,313.177278383
4675,FRANCISCO PIZARRO (Salahonda),NARIÑO,52,527.23964015,278.833215651
4676,SINCÉ,SUCRE,70,457.58193874,144.299987793
4677,SAN JUAN DE BETULIA (Betulia),SUCRE,70,165.68950399,144.299987793
4678,PALMITO,SUCRE,70,158.71287049,144.299987793
4679,SINCELEJO,SUCRE,70,278.03715459,339.178900331
4680,TALAIGUA NUEVO,BOLÍVAR,13,248.2182192,303.015900445
4681,SAN ANTERO,CÓRDOBA,23,207.35095293,144.299987793
4682,SAN BERNARDO DEL VIENTO,CÓRDOBA,23,313.49314615,221.154687734
4683,BUENAVISTA,SUCRE,70,119.92705181,286.374912324
4684,SAN PEDRO,SUCRE,70,213.08029018,144.299987793
4685,MORROA,SUCRE,70,180.39197569,327.092912676
4686,SAN ZENÓN,MAGDALENA,47,267.99991949,160.249356813
4687,CHIMICHAGUA,CESAR,20,1381.81089772,185.220755626
4688,SAN SEBASTIÁN DE BUENAVISTA,MAGDALENA,47,438.81024697,147.213282943
4689,LOS PALMITOS,SUCRE,70,203.72364234,273.040632466
4690,TOLUVIEJO,SUCRE,70,285.47194702,194.088229567
4691,ASTREA,CESAR,20,637.45448393,144.299987793
4692,COLOSÓ,SUCRE,70,130.44848621,221.447552844
4693,CHALÁN,SUCRE,70,84.13086936,391.660612544
4694,SANTA BÁRBARA DE PINTO,MAGDALENA,47,495.11416808,269.261804563
4695,TOLÚ,SUCRE,70,311.49210892,289.342284551
4696,CÓRDOBA,BOLÍVAR,13,596.27458326,204.867578852
4697,NÓVITA,CHOCÓ,27,945.33613726,260.720032963
4698,CHITARAQUE,BOYACÁ,15,154.42138144,344.901639344
4699,PAZ DE RIO,BOYACÁ,15,123.57225493,304.835915471
4700,COCORNÁ,ANTIOQUIA,5,224.18710924,310.305815231
4701,TITIRIBÍ,ANTIOQUIA,5,141.25720421,261.908786284
4702,SUCRE,SANTANDER,68,521.40341882,396.178639683
4703,CARTAGO,VALLE DEL CAUCA,76,247.41751354,292.256170011
4704,SANTA ISABEL,TOLIMA,73,269.97733337,289.081736115
4705,VENADILLO,TOLIMA,73,340.89682249,338.152079197
4706,LA CALERA,CUNDINAMARCA,25,327.51762108,305.896010313
4707,JUNÍN,CUNDINAMARCA,25,338.15581367,356.144445576
4708,"BOGOTÁ, D.C.",CUNDINAMARCA,11,1616.55886343,339.178900331
4709,EL CAIRO,VALLE DEL CAUCA,76,212.33231495,321678
4710,BELTRÁN,CUNDINAMARCA,25,177.83997022,304.461704227
4711,COTA,CUNDINAMARCA,25,54.2782824,438.738095238
4712,ANOLAIMA,CUNDINAMARCA,25,121.60513222,314.66591487
4713,MADRID,CUNDINAMARCA,25,120.14515122,304.26131626
4714,ANSERMANUEVO,VALLE DEL CAUCA,76,304.32344906,239.455307263
4715,DOSQUEBRADAS,RISARALDA,66,70.65744069,161.386581421
4716,PUERTO GAITÁN,META,50,17273.2165899,395.517709051
4717,FACATATIVÁ,CUNDINAMARCA,25,158.83671648,409.629947112
4718,SORA,BOYACÁ,15,47.3880749,303.239998002
4719,CUÍTIVA,BOYACÁ,15,43.66157819,292.928856773
4720,TINJACÁ,BOYACÁ,15,82.09729235,433.82234062
4721,SÁCHICA,BOYACÁ,15,63.3976889,179.073518865
4722,OLAYA,ANTIOQUIA,5,85.32312068,340.063925832
4723,ENTRERRIOS,ANTIOQUIA,5,216.31619708,323.956551661
4724,SANTA FE DE ANTIOQUIA,ANTIOQUIA,5,497.65442394,320.024246724
4725,SAN JOSÉ DE MIRANDA,SANTANDER,68,75.91671704,285.792135517
4726,CURITÍ,SANTANDER,68,242.9785883,245.205208249
4727,TAME,ARAUCA,81,5381.32588811,336.521677614
4728,ENCISO,SANTANDER,68,74.61819727,313.546153996
4729,CAÑASGORDAS,ANTIOQUIA,5,361.13077927,311.189647073
4730,VEGACHÍ,ANTIOQUIA,5,526.15896494,330.943910924
4731,URAMITA,ANTIOQUIA,5,266.95427347,315.001240502
4732,ZAPATOCA,SANTANDER,68,364.22227674,324.029784151
4733,SAN ANDRÉS,ANTIOQUIA,5,219.23158617,245.822479248
4734,MURINDÓ,ANTIOQUIA,5,1245.32339611,259.494468731
4735,VALPARAISO,ANTIOQUIA,5,126.46711357,341.18572313
4736,SOGAMOSO,BOYACÁ,15,208.88005767,296.91219733
4737,ANDES,ANTIOQUIA,5,408.70288418,311.679418806
4738,LA DORADA,CALDAS,17,557.26785376,389.843921226
4739,TÁMESIS,ANTIOQUIA,5,254.69915255,336.871909457
4740,PISVA,BOYACÁ,15,465.70675343,300.510827364
4741,ALBANIA,SANTANDER,68,165.93554882,324.594393024
4742,SAN LUIS DE GACENO,BOYACÁ,15,474.76848422,344.965145179
4743,GUAYATÁ,BOYACÁ,15,100.93854582,395.870478156
4744,LÍBANO,TOLIMA,73,284.74038768,294.073890573
4745,SABANALARGA,CASANARE,85,398.4398883,333.710626664
4746,CHAGUANÍ,CUNDINAMARCA,25,173.86896684,218.155436325
4747,ALMEIDA,BOYACÁ,15,57.28677533,307.306871798
4748,SOMONDOCO,BOYACÁ,15,57.65328301,330.477955694
4749,SASAIMA,CUNDINAMARCA,25,111.80989247,279.046153846
4750,TOCANCIPÁ,CUNDINAMARCA,25,74.42229144,418.586666531
4751,SAN FRANCISCO,CUNDINAMARCA,25,118.43699089,340.403833476
4752,EL ÁGUILA,VALLE DEL CAUCA,76,186.99785099,316.927601948
4753,LA CELIA,RISARALDA,66,92.32623435,296.633181546
4754,SOCHA,BOYACÁ,15,149.83542294,352.437613818
4755,TÁMARA,CASANARE,85,1094.25720306,267.317984867
4756,LA CEJA,ANTIOQUIA,5,135.14282004,386.298076923
4757,SALGAR,ANTIOQUIA,5,291.39658911,311.775660898
4758,GÜEPSA,SANTANDER,68,30.11219289,274.5
4759,CALDAS,BOYACÁ,15,79.17297688,431.558064779
4760,QUÍPAMA,BOYACÁ,15,167.4332162,341.799337221
4761,AQUITANIA,BOYACÁ,15,853.08619075,239.600203321
4762,PESCA,BOYACÁ,15,262.20970445,304.043047419
4763,MARIPÍ,BOYACÁ,15,159.81742226,186.639136745
4764,TOCA,BOYACÁ,15,169.66033519,327.933165354
4765,JARDÍN,ANTIOQUIA,5,200.32637283,291.109048413
4766,CAJICÁ,CUNDINAMARCA,25,50.35687535,292.654095564
4767,BALBOA,RISARALDA,66,119.95404817,278.124146553
4768,CHIMA,SANTANDER,68,172.49354104,353.150126667
4769,TIPACOQUE,BOYACÁ,15,72.36616408,379.785525486
4770,VALLE DE SAN JOSÉ,SANTANDER,68,79.86407959,255.186207615
4771,GUACAMAYAS,BOYACÁ,15,57.19993528,295.051003641
4772,PANQUEBA,BOYACÁ,15,40.15864604,278.991300058
4773,PÁRAMO,SANTANDER,68,73.96909818,321.41617234
4774,CAICEDO,ANTIOQUIA,5,194.13533199,383.176578252
4775,BARBOSA,ANTIOQUIA,5,206.13390577,277.09203278
4776,SANTA HELENA DEL OPÓN,SANTANDER,68,374.5444972,269.261804563
4777,CALARCÁ,QUINDÍO,63,218.91784198,259.662954138
4778,LA UNIÓN,VALLE DEL CAUCA,76,120.09520483,267.317984867
4779,SOACHA,CUNDINAMARCA,25,187.48652339,357.23513574
4780,QUIMBAYA,QUINDÍO,63,133.3685217,286.660625394
4781,LA CHORRERA,AMAZONAS,91,12726.9284925,390.182667895
4782,SAN PEDRO,ANTIOQUIA,5,219.70854038,364.202639314
4783,SOCORRO,SANTANDER,68,127.35072922,274.217728482
4784,ONZAGA,SANTANDER,68,489.41535723,321.327796909
4785,SAN ROQUE,ANTIOQUIA,5,426.10809739,313.177278383
4786,EL ESPINO,BOYACÁ,15,69.88671578,206.323231407
4787,SANTO DOMINGO,ANTIOQUIA,5,264.82784536,303.932997219
4788,VÉLEZ,SANTANDER,68,448.81336589,338.152079197
4789,CISNEROS,ANTIOQUIA,5,46.46016586,391.167847196
4790,MACARAVITA,SANTANDER,68,104.27745054,275.489777985
4791,CAPITANEJO,SANTANDER,68,84.04287195,292.256170011
4792,URRAO,ANTIOQUIA,5,2555.47118497,112.051573286
4793,SAN MIGUEL,SANTANDER,68,71.05849407,289.081736115
4794,PUERTO RONDÓN,ARAUCA,81,2287.93631537,381.362496476
4795,CABRERA,SANTANDER,68,67.22138493,158.831700023
4796,SOPETRÁN,ANTIOQUIA,5,215.3392549,330.477955694
4797,HATO,SANTANDER,68,170.00665575,274.079652077
4798,CRAVO NORTE,ARAUCA,81,5195.32137135,396.010458197
4799,MOGOTES,SANTANDER,68,484.55869289,260.633755382
4800,SAN GIL,SANTANDER,68,148.27205397,263.743886165
4801,MACEO,ANTIOQUIA,5,386.72963528,275.489777985
4802,PALMAS DEL SOCORRO,SANTANDER,68,59.38486635,383.776726281
4803,GIRARDOTA,ANTIOQUIA,5,82.16154299,309.030927835
4804,EL COCUY,BOYACÁ,15,237.29871071,141.359990404
4805,BOAVITA,BOYACÁ,15,142.98927023,312.44011976
4806,CARACOLÍ,ANTIOQUIA,5,263.58469144,297.180201581
4807,BARBOSA,SANTANDER,68,47.55765899,250.167247791
4808,FREDONIA,ANTIOQUIA,5,249.90048599,320.856616314
4809,SAN FRANCISCO,ANTIOQUIA,5,357.58942619,322.01064544
4810,PAIPA,BOYACÁ,15,316.52108007,387.344021673
4811,VENECIA,ANTIOQUIA,5,140.96733377,338.152079197
4812,NUQUÍ,CHOCÓ,27,703.78446469,342.256378063
4813,CERINZA,BOYACÁ,15,63.87649286,272.54834851
4814,EL CARMEN,CHOCÓ,27,830.60321858,275.380769221
4815,SANTA BÁRBARA,ANTIOQUIA,5,209.82364306,263.743886165
4816,DUITAMA,BOYACÁ,15,234.00243708,171.07621195
4817,LA BELLEZA,SANTANDER,68,337.53878932,305.896010313
4818,LA UNIÓN,ANTIOQUIA,5,172.33321152,267.317984867
4819,ALTO BAUDÓ (Pie de Pato),CHOCÓ,27,2067.31897822,375.718501147
4820,PUERTO TRIUNFO,ANTIOQUIA,5,371.68829213,381.362496476
4821,LA MACARENA,META,50,10841.5200743,390.117816325
4822,HOBO,HUILA,41,194.36159268,294.576048957
4823,ALGECIRAS,HUILA,41,589.39305122,324.594393024
4824,ÍQUIRA,HUILA,41,356.04588839,311.784987332
4825,CALDONO,CAUCA,19,354.49258852,300.389717059
4826,JAMBALÓ,CAUCA,19,233.81882726,291.109048413
4827,CUBARÁ,BOYACÁ,15,1180.51330437,294.290938231
4828,SABANALARGA,ANTIOQUIA,5,263.51337984,320.500642819
4829,SARAVENA,ARAUCA,81,943.71449284,356.496075824
4830,GUACA,SANTANDER,68,304.03563326,255.712579533
4831,TOLEDO,ANTIOQUIA,5,121.64378835,302.228875818
4832,ARAUCA,ARAUCA,81,5789.82871375,339.178900331
4833,PIEDECUESTA,SANTANDER,68,483.97509722,233.53248511
4834,SANTA BÁRBARA,SANTANDER,68,221.31843186,284.349619334
4835,SAN VICENTE DE CHUCURÍ,SANTANDER,68,1098.66211982,391.38138577
4836,FLORIDABLANCA,SANTANDER,68,98.8508983,297.481363678
4837,BETULIA,SANTANDER,68,429.73974677,320.590446257
4838,DABEIBA,ANTIOQUIA,5,2022.09663622,319.244055858
4839,CAMPAMENTO,ANTIOQUIA,5,201.98005314,280.916666667
4840,GIRÓN,SANTANDER,68,496.3937154,219.054918591
4841,PEQUE,ANTIOQUIA,5,436.16780835,316.608237053
4842,BRICEÑO,ANTIOQUIA,5,379.03347855,299.450450196
4843,BARRANCABERMEJA,SANTANDER,68,1345.45278092,396.300018311
4844,TONA,SANTANDER,68,331.23900009,289.342284551
4845,BUCARAMANGA,SANTANDER,68,153.37318887,339.178900331
4846,REMEDIOS,ANTIOQUIA,5,1994.71890334,390.189303106
4847,AMALFI,ANTIOQUIA,5,1208.2265466,304.244846577
4848,YONDÓ (Casabe),ANTIOQUIA,5,1895.94609801,396.300018311
4849,SILOS,NORTE DE SANTANDER,54,316.52213348,281.22627274
4850,CARMEN DEL DARIÉN  (Curbaradó),CHOCÓ,27,3180.6270519,377.936094605
4851,CHARTA,SANTANDER,68,126.37712197,321.700000814
4852,SABOYÁ,BOYACÁ,15,243.96077993,345.694522074
4853,PUERTO SALGAR,CUNDINAMARCA,25,510.51172511,371.299511195
4854,SANTA SOFÍA,BOYACÁ,15,78.46745633,274.565525937
4855,BETANIA,ANTIOQUIA,5,171.77148501,276.442648196
4856,TÓPAGA,BOYACÁ,15,33.81626095,289.342284551
4857,GACHANTIVÁ,BOYACÁ,15,86.90395313,374.033273487
4858,CÓMBITA,BOYACÁ,15,145.29383198,221.447552844
4859,NOBSA,BOYACÁ,15,54.74371715,260.720032963
4860,AMAGÁ,ANTIOQUIA,5,82.87012589,278.11475775
4861,BELÉN,BOYACÁ,15,163.1083019,280.411400909
4862,SATIVASUR,BOYACÁ,15,53.60396284,322.357143342
4863,SANTANA,BOYACÁ,15,72.54109466,289.081736115
4864,SOCOTÁ,BOYACÁ,15,592.96821955,274.217728482
4865,CALDAS,ANTIOQUIA,5,133.50071546,350.781132152
4866,PAZ DE ARIPORO,CASANARE,85,12128.9996269,344.37348001
4867,SAN LUIS,ANTIOQUIA,5,514.87141632,236.433652042
4868,TENJO,CUNDINAMARCA,25,114.61136228,245.875884889
4869,PEREIRA,RISARALDA,66,607.59855777,339.178900331
4870,CHÍA,CUNDINAMARCA,25,79.38083622,185.220755626
4871,MURILLO,TOLIMA,73,420.36793991,201.781820525
4872,CHIVOR,BOYACÁ,15,108.97420203,248.111122731
4873,LA VIRGINIA,RISARALDA,66,32.80232313,267.317984867
4874,BITUIMA,CUNDINAMARCA,25,61.68339741,237.9
4875,EL ROSAL,CUNDINAMARCA,25,86.43408442,329.880927804
4876,AMBALEMA,TOLIMA,73,238.04866064,278.11475775
4877,ALBÁN,CUNDINAMARCA,25,51.25437505,328.544444614
4878,GACHETÁ,CUNDINAMARCA,25,260.90990832,359.738236271
4879,VIANÍ,CUNDINAMARCA,25,66.80041043,352.268534571
4880,LÉRIDA,TOLIMA,73,272.63193647,371.608710342
4881,SANTA ROSA DE CABAL,RISARALDA,66,546.74447242,327.688455702
4882,SANTA MARÍA,BOYACÁ,15,310.06871555,303.932997219
4883,SAN JUAN DE RIOSECO,CUNDINAMARCA,25,312.38597023,309.686821941
4884,EL GUACAMAYO,SANTANDER,68,93.42335663,275.380769221
4885,OIBA,SANTANDER,68,286.1446335,248.453369609
4886,GUATAPÉ,ANTIOQUIA,5,84.50755897,299.91
4887,SAN CARLOS,ANTIOQUIA,5,719.34063064,307.802664236
4888,QUIBDÓ,CHOCÓ,27,3509.94564791,339.178900331
4889,LA SALINA,CASANARE,85,203.08114414,273.034712736
4890,PEÑOL,ANTIOQUIA,5,142.12826619,249.65149318
4891,GUARNE,ANTIOQUIA,5,164.51831394,255.712579533
4892,LA UVITA,BOYACÁ,15,161.54086389,225.144909583
4893,CONTRATACIÓN,SANTANDER,68,136.65607264,329.116875458
4894,COROMORO,SANTANDER,68,577.4710461,250.873092379
4895,LA PAZ,SANTANDER,68,283.66725723,292.533265299
4896,CHARALÁ,SANTANDER,68,419.32596006,300.682208851
4897,SAN VICENTE,ANTIOQUIA,5,217.92751144,382.418918919
4898,OCAMONTE,SANTANDER,68,75.22614885,231.698868467
4899,SAN RAFAEL,ANTIOQUIA,5,360.34568691,344.965145179
4900,CONFINES,SANTANDER,68,71.62922538,286.852991104
4901,ALEJANDRÍA,ANTIOQUIA,5,132.58468234,274.5
4902,EBÉJICO,ANTIOQUIA,5,238.14242749,307.63000278
4903,BELLO,ANTIOQUIA,5,148.12716231,300.688675659
4904,TIBASOSA,BOYACÁ,15,94.15126617,424.279646072
4905,LA PINTADA,ANTIOQUIA,5,54.41801483,259.121859246
4906,YACOPÍ,CUNDINAMARCA,25,957.92948589,327.468536341
4907,PORE,CASANARE,85,780.63068926,396.130962839
4908,HISPANIA,ANTIOQUIA,5,55.97931331,276.433333624
4909,ARCABUCO,BOYACÁ,15,137.43016827,215.473552158
4910,MOLAGAVITA,SANTANDER,68,180.34343949,319.144023717
4911,BARICHARA,SANTANDER,68,137.62633084,277.09203278
4912,CHIPATÁ,SANTANDER,68,95.43341961,331.472972973
4913,SÁCAMA,CASANARE,85,311.94051727,291.168119042
4914,CARMEN DE VIBORAL,ANTIOQUIA,5,439.52659631,313.869467785
4915,TUTAZÁ,BOYACÁ,15,121.80949544,327.913459415
4916,CONCORDIA,ANTIOQUIA,5,240.06058415,286.852991104
4917,SABANETA,ANTIOQUIA,5,15.39172013,300.166666667
4918,SAN BENITO,SANTANDER,68,58.10743327,224.044497159
4919,SANTUARIO,ANTIOQUIA,5,77.2118177,388.730769231
4920,SATIVANORTE,BOYACÁ,15,161.48185593,269.261804563
4921,ENVIGADO,ANTIOQUIA,5,46.943034,313.546153996
4922,ANGELÓPOLIS,ANTIOQUIA,5,81.71224178,249.773529452
4923,RETIRO,ANTIOQUIA,5,266.03035138,389.261538481
4924,SUAITA,SANTANDER,68,284.87501853,302.385808599
4925,JERICÓ,BOYACÁ,15,131.85067366,333.969625341
4926,PUERTO BERRÍO,ANTIOQUIA,5,1219.913326,395.961684926
4927,CARCASÍ,SANTANDER,68,257.973709,253.161403009
4928,GUICÁN,BOYACÁ,15,948.66174196,134.492122899
4929,VILLANUEVA,SANTANDER,68,97.07413167,159.610863398
4930,CIMITARRA,SANTANDER,68,3172.14497533,391.167847196
4931,GALÁN,SANTANDER,68,201.55388563,218.459151423
4932,MÁLAGA,SANTANDER,68,58.39748187,348.022390109
4933,BELMIRA,ANTIOQUIA,5,298.09236494,304.461704227
4934,LIBORINA,ANTIOQUIA,5,216.34683447,294.073890573
4935,BAHÍA SOLANO (Mutis),CHOCÓ,27,898.51070037,278.124146553
4936,CEPITÁ,SANTANDER,68,107.53274285,337.964713367
4937,CAROLINA,ANTIOQUIA,5,179.32965455,377.936094605
4938,ARATOCA,SANTANDER,68,170.60536163,215.473552158
4939,YOLOMBÓ,ANTIOQUIA,5,1016.19191595,263.762708632
4940,VIGIA DEL FUERTE,ANTIOQUIA,5,1663.52034367,255.19742419
4941,GÓMEZ PLATA,ANTIOQUIA,5,330.59959829,270.503184713
4942,CHISCAS,BOYACÁ,15,665.81731626,150.074420347
4943,BOJAYÁ (Bellavista),CHOCÓ,27,3624.94757232,263.827692902
4944,FORTUL,ARAUCA,81,1151.21528128,333.710626664
4945,SAN JOSÉ DE LA MONTAÑA,ANTIOQUIA,5,125.91241283,340.403833476
4946,PUERTO PARRA,SANTANDER,68,761.63393492,392.586067557
4947,LOS SANTOS,SANTANDER,68,289.89215722,273.040632466
4948,SIMACOTA,SANTANDER,68,906.85231014,269.230531187
4949,GUADALUPE,ANTIOQUIA,5,120.59908485,291.168119042
4950,SAN ANDRÉS,SANTANDER,68,280.60263977,394.752582088
4951,BURITICÁ,ANTIOQUIA,5,360.72843084,243.774552452
4952,VALENCIA,CÓRDOBA,23,923.59777815,255.186207615
4953,SAN JACINTO DEL CAUCA,BOLÍVAR,13,568.97929919,396.300018311
4954,MONTECRISTO,BOLÍVAR,13,2094.82170305,366.17357667
4955,GONZÁLEZ,CESAR,20,74.82680071,270.503184713
4956,MORALES,BOLÍVAR,13,1344.62721822,327.092912676
4957,ARENAL,BOLÍVAR,13,461.58232679,320.024246724
4958,GAMARRA,CESAR,20,326.19712932,335.159592838
4959,AYAPEL,CÓRDOBA,23,1934.40697494,345.103873453
4960,AGUACHICA,CESAR,20,877.77318872,259.993831094
4961,GUARANDA,SUCRE,70,346.82887473,396.300018311
4962,HACARÍ,NORTE DE SANTANDER,54,418.67006942,274.079652077
4963,SAN CAYETANO,NORTE DE SANTANDER,54,139.42281865,224.044497159
4964,CUCUTILLA,NORTE DE SANTANDER,54,374.8376876,294.290938231
4965,PLANETA RICA,CÓRDOBA,23,1142.72515514,202.933698011
4966,SAN PEDRO DE URABÁ,ANTIOQUIA,5,592.34876718,218.312787236
4967,NOROSI,BOLÍVAR,13,417.31835986,278.641662704
4968,PUEBLO NUEVO,CÓRDOBA,23,808.38891209,205.387582649
4969,TIQUISIO (Puerto Rico),BOLÍVAR,13,762.06611758,379.785525486
4970,RIOVIEJO,BOLÍVAR,13,847.42785167,332.865870219
4971,NECOCLÍ,ANTIOQUIA,5,1267.09041188,278.641662704
4972,SAN MARCOS,SUCRE,70,970.67508318,289.145222725
4973,MAJAGUAL,SUCRE,70,878.57944522,388.272990311
4974,SAN JUAN DE URABÁ,ANTIOQUIA,5,251.35265752,144.299987793
4975,LA GLORIA,CESAR,20,801.67650322,296.633181546
4976,CANALETE,CÓRDOBA,23,419.91786681,196.181691779
4977,CUNDAY,TOLIMA,73,507.89427216,292.928856773
4978,SILVANIA,CUNDINAMARCA,25,162.46555887,281.22627274
4979,GRANADA,CUNDINAMARCA,25,60.31439292,408.326866492
4980,MEDIO ATRATO (Beté),CHOCÓ,27,1813.12202732,275.489777985
4981,LA PRIMAVERA,VICHADA,99,18371.827366,383.776726281
4982,GRANADA,ANTIOQUIA,5,189.54735361,346.625072105
4983,RIONEGRO,ANTIOQUIA,5,198.14982945,376.463317809
4984,ARMENIA,ANTIOQUIA,5,110.63961545,311.282818317
4985,AGUADA,SANTANDER,68,75.56956895,219.184063578
4986,MARINILLA,ANTIOQUIA,5,115.29757242,362.112520238
4987,BOLIVAR,SANTANDER,68,1012.18183329,368.945084878
4988,BETULIA,ANTIOQUIA,5,276.9046597,309.025847637
4989,PUERTO NARE,ANTIOQUIA,5,576.88243249,256.222682987
4990,HATO COROZAL,CASANARE,85,5498.50509727,383.176578252
4991,CHITA,BOYACÁ,15,686.65276258,281.178240142
4992,GUADALUPE,SANTANDER,68,145.43553008,336.975464858
4993,FLORIÁN,SANTANDER,68,174.9469387,352.006830876
4994,GÁMEZA,BOYACÁ,15,121.9177291,218.459151423
4995,JERICÓ,ANTIOQUIA,5,203.53296343,333.969625341
4996,SOTAQUIRÁ,BOYACÁ,15,284.45419751,310.39041992
4997,BUSBANZÁ,BOYACÁ,15,25.18414662,385.293103448
4998,CORRALES,BOYACÁ,15,62.00948711,249.235595988
4999,PUEBLORRICO,ANTIOQUIA,5,75.42349529,309.964046178
5000,JESÚS MARÍA,SANTANDER,68,89.90149179,333.969625341
5001,SONSÓN,ANTIOQUIA,5,1345.88736456,394.891302893
5002,PUENTE NACIONAL,SANTANDER,68,254.61690859,371.299511195
5003,FLORESTA,BOYACÁ,15,88.34939175,297.481363678
5004,CIUDAD BOLÍVAR,ANTIOQUIA,5,259.81311495,368.945084878
5005,ABEJORRAL,ANTIOQUIA,5,510.59394925,351.752745973
5006,MONIQUIRÁ,BOYACÁ,15,215.32859344,348318
5007,MONTEBELLO,ANTIOQUIA,5,75.36901899,311.307692308
5008,BETÉITIVA,BOYACÁ,15,101.81033241,320.590446257
5009,TOGÜÍ,BOYACÁ,15,115.44314684,352.074626866
5010,GIRALDO,ANTIOQUIA,5,125.69406239,249.424404119
5011,JORDÁN,SANTANDER,68,39.8217253,349.210970332
5012,ABRIAQUÍ,ANTIOQUIA,5,292.84881503,355.478006313
5013,SANTA LUCÍA,ATLÁNTICO,8,57.62325005,221.154687734
5014,EL COPEY,CESAR,20,957.14986685,171.07621195
5015,SOPLAVIENTO,BOLÍVAR,13,92.75848985,282.238643788
5016,SAN CRISTOBAL,BOLÍVAR,13,41.90767085,144.299987793
5017,TURBACO,BOLÍVAR,13,202.56254609,144.299987793
5018,SAN ESTANISLAO,BOLÍVAR,13,210.28888077,245.822479248
5019,EL PIÑÓN,MAGDALENA,47,558.56125071,204.847576759
5020,CAMPO DE LA CRUZ,ATLÁNTICO,8,99.44988935,300.389717059
5021,VILLANUEVA,BOLÍVAR,13,142.55075541,255.19742419
5022,MANATÍ,ATLÁNTICO,8,213.73938603,213.769862029
5023,SANTA ROSA,BOLÍVAR,13,154.46971831,348.304297638
5024,REGIDOR,BOLÍVAR,13,180.68807818,341.799337221
5025,ACHÍ,BOLÍVAR,13,950.27854891,347.434594824
5026,ALTOS DEL ROSARIO,BOLÍVAR,13,304.47800008,278.11475775
5027,SAN CARLOS,CÓRDOBA,23,446.53761897,280.088838734
5028,ARBOLETES,ANTIOQUIA,5,766.93877457,215.473552158
5029,PELAYA,CESAR,20,424.91800335,300.510827364
5030,LA UNIÓN,SUCRE,70,239.33272605,267.317984867
5031,CAIMITO,SUCRE,70,423.0587859,339.055262829
5032,LOS CÓRDOBAS,CÓRDOBA,23,363.15246904,144.299987793
5033,MONTERÍA,CÓRDOBA,23,3151.82463776,339.178900331
5034,BARRANCO DE LOBA,BOLÍVAR,13,428.85922534,394.823455632
5035,CERETÉ,CÓRDOBA,23,289.8546226,272.54834851
5036,OCAÑA,NORTE DE SANTANDER,54,521.60087455,231.698868467
5037,GÁMBITA,SANTANDER,68,588.46235993,322.587199685
5038,SAN MARTIN DE LOBA,BOLÍVAR,13,454.87634984,344.965145179
5039,EL PEÑÓN,BOLÍVAR,13,316.88374011,244.396092835
5040,SAHAGÚN,CÓRDOBA,23,960.06777446,236.433652042
5041,DIBULLA,LA GUAJIRA,44,1750.84726265,196.181691779
5042,SANTA MARTA,MAGDALENA,47,2351.71024539,339.178900331
5043,CONCORDIA,MAGDALENA,47,109.41579527,306.968135296
5044,MAHATES,BOLÍVAR,13,432.89888457,197.322828528
5045,VETAS,SANTANDER,68,92.55182828,352.268534571
5046,CALIFORNIA,SANTANDER,68,44.83279359,194.974993621
5047,ITUANGO,ANTIOQUIA,5,2269.75618956,281.759620019
5048,LEBRIJA,SANTANDER,68,550.43231314,284.266154463
5049,CANTAGALLO,BOLÍVAR,13,881.84788475,337.964713367
5050,VALDIVIA,ANTIOQUIA,5,566.84683383,282.198109956
5051,ANORÍ,ANTIOQUIA,5,1411.53768614,314.66591487
5052,MATANZA,SANTANDER,68,236.15816134,330.846373168
5053,SEGOVIA,ANTIOQUIA,5,1118.70813545,356.496075824
5054,MUTATÁ,ANTIOQUIA,5,1199.35966307,339.936871947
5055,HERRÁN,NORTE DE SANTANDER,54,107.45107195,314.989575234
5056,PAMPLONITA,NORTE DE SANTANDER,54,170.45077151,278.833215651
5057,EL PLAYÓN,SANTANDER,68,455.09177825,245.962779575
5058,ÁBREGO,NORTE DE SANTANDER,54,1381.45630373,309.986871413
5059,SALAZAR,NORTE DE SANTANDER,54,494.39293651,236.433652042
5060,LABATECA,NORTE DE SANTANDER,54,255.47413081,305.896010313
5061,CERRITO,SANTANDER,68,420.19788001,272.54834851
5062,CHITAGÁ,NORTE DE SANTANDER,54,1185.20953989,291.942718876
5063,RIOSUCIO,CHOCÓ,27,7451.87204797,376.463317809
5064,SABANA DE TORRES,SANTANDER,68,1400.35413862,396.300018311
5065,SAN PABLO,BOLÍVAR,13,2025.69912238,313.177278383
5066,PANÁ-PANÁ (Campo Alegre),GUAINÍA,94,10196.3637393,393.095337403
5067,PANÁ-PANÁ (Campo Alegre),GUAINÍA,94,10196.3637393,393.095337403
5068,PANÁ-PANÁ (Campo Alegre),GUAINÍA,94,10196.3637393,393.095337403
5069,PANÁ-PANÁ (Campo Alegre),GUAINÍA,94,10196.3637393,393.095337403
5070,ZARAGOZA,ANTIOQUIA,5,1176.14625607,324.029784151
5071,TARAZÁ,ANTIOQUIA,5,1717.85375967,327.495672655
5072,CHIGORODÓ,ANTIOQUIA,5,722.76463866,365.142762495
5073,LA ESPERANZA,NORTE DE SANTANDER,54,654.3162575,356.080931699
5074,SAN JOSE DE URE,CÓRDOBA,23,517.83624991,327.688455702
5075,CÁCERES,ANTIOQUIA,5,1919.1154516,377.221166968
5076,SANTIAGO,NORTE DE SANTANDER,54,171.74696954,357.384454874
5077,SAN ALBERTO,CESAR,20,550.04699673,375.373265387
5078,EL BAGRE,ANTIOQUIA,5,1554.15861776,344.37348001
5079,HATILLO DE LOBA,BOLÍVAR,13,193.38313855,333.710626664
5080,CIÉNAGA DE ORO,CÓRDOBA,23,643.22876989,192.329110018
5081,SUCRE,SUCRE,70,1100.69074337,392.24173561
5082,TAMALAMEQUE,CESAR,20,508.48018198,280.860087944
5083,PAILITAS,CESAR,20,533.17546708,264.551133094
5084,SAN PELAYO,CÓRDOBA,23,441.96743052,289.081736115
5085,GRAMALOTE,NORTE DE SANTANDER,54,149.39781569,346.625072105
5086,DURANIA,NORTE DE SANTANDER,54,176.02173379,177.569414454
5087,CÁCHIRA,NORTE DE SANTANDER,54,615.36857301,307.447282097
5088,PAMPLONA,NORTE DE SANTANDER,54,299.61883501,276.789928641
5089,CHINÁCOTA,NORTE DE SANTANDER,54,167.65253906,365.142762495
5090,MERCADERES,CAUCA,19,697.83283704,295.863885354
5091,MIRAFLORES,GUAVIARE,95,12807.7377022,389.370616999
5092,MACANAL,BOYACÁ,15,199.01880949,275.489777985
5093,MAGANGUÉ,BOLÍVAR,13,1129.91759597,304.26131626
5094,PANÁ-PANÁ (Campo Alegre),GUAINÍA,94,10196.3637393,393.095337403
5095,SUBACHOQUE,CUNDINAMARCA,25,209.01063315,301.835224847
5096,TENZA,BOYACÁ,15,46.0515621,382.870454197
5097,TIBIRITA,CUNDINAMARCA,25,57.07670284,325.752760745
5098,ARMERO (Guayabal),TOLIMA,73,439.25714125,354.707635956
5099,GARAGOA,BOYACÁ,15,196.38112921,366.730000305
5100,COGUA,CUNDINAMARCA,25,133.43762685,389.370616999
5101,CONDOTO,CHOCÓ,27,466.69236828,306.968135296
5102,APÍA,RISARALDA,66,148.72524052,238.682156078
5103,RIO IRÓ (Santa Rita),CHOCÓ,27,326.05260928,341.799337221
5104,LA PEÑA,CUNDINAMARCA,25,129.5678941,265.124658454
5105,YOPAL,CASANARE,85,2485.80496551,339.178900331
5106,RÁQUIRA,BOYACÁ,15,218.60624254,332.865870219
5107,MUZO,BOYACÁ,15,137.53882482,339.936871947
5108,CHIVATÁ,BOYACÁ,15,49.27130669,366.152629652
5109,IZA,BOYACÁ,15,34.37538214,401.534999466
5110,ARROYOHONDO,BOLÍVAR,13,162.75411235,144.299987793
5111,ARJONA,BOLÍVAR,13,590.74218638,144.299987793
5112,SUAN,ATLÁNTICO,8,42.30636672,302.385808599
5113,SAN DIEGO,CESAR,20,648.41217254,144.439050357
5114,CALAMAR,BOLÍVAR,13,262.06172151,144.299987793
5115,CERRO DE SAN ANTONIO,MAGDALENA,47,175.04222744,389.478518858
5116,ALGARROBO,MAGDALENA,47,407.40371754,278.11475775
5117,MUTISCUA,NORTE DE SANTANDER,54,160.00966483,339.936871947
5118,JAMUNDÍ,VALLE DEL CAUCA,76,633.21154764,291.109048413
5119,PINILLOS,BOLÍVAR,13,773.90188214,326.533841689
5120,SAN BENITO ABAD,SUCRE,70,1600.96814034,280.088838734
5121,PUERTO ESCONDIDO,CÓRDOBA,23,413.64906632,144.299987793
5122,COTORRA,CÓRDOBA,23,88.77958802,333.710626664
5123,CHINÚ,CÓRDOBA,23,591.9771253,144.299987793
5124,EL ROBLE,SUCRE,70,201.62429973,245.990955917
5125,MARGARITA,BOLÍVAR,13,294.8122643,362.112520238
5126,GALERAS,SUCRE,70,310.57430124,302.363354978
5127,SAN FERNANDO,BOLÍVAR,13,319.04835987,195.032481961
5128,CHIMA,CÓRDOBA,23,323.86243565,218.155436325
5129,SAMPUÉS,SUCRE,70,216.91932409,313.177278383
5130,SAN ANDRÉS DE SOTAVENTO,CÓRDOBA,23,219.88683155,313.177278383
5131,MOMPÓS,BOLÍVAR,13,653.02014667,319.144023717
5132,TUCHÍN,CÓRDOBA,23,103.71254575,210.274748623
5133,CICUCO,BOLÍVAR,13,131.41907899,283.943316806
5134,MOÑITOS,CÓRDOBA,23,203.81073369,248.453369609
5135,COROZAL,SUCRE,70,271.78831192,249.235595988
5136,MOMIL,CÓRDOBA,23,168.82840373,260.633755382
5137,PURÍSIMA,CÓRDOBA,23,123.77983812,146.026015399
5138,GUAMAL,MAGDALENA,47,555.56099967,255.712579533
5139,EL BANCO,MAGDALENA,47,826.782667,275.380769221
5140,CONVENCIÓN,NORTE DE SANTANDER,54,929.66188166,301.997758285
5141,TEORAMA,NORTE DE SANTANDER,54,924.6869532,320.779920438
5142,LOURDES,NORTE DE SANTANDER,54,87.72225115,273.040632466
5143,PUERTO LIBERTADOR,CÓRDOBA,23,1647.6928273,341.799337221
5144,APARTADÓ,ANTIOQUIA,5,535.76532346,238.682156078
5145,CAUCASIA,ANTIOQUIA,5,1367.44713298,370.841468819
5146,EL ZULIA,NORTE DE SANTANDER,54,514.68320065,258.741382417
5147,RIONEGRO,SANTANDER,68,1185.0328374,376.463317809
5148,SAN MARTÍN,CESAR,20,994.60890766,302.385808599
5149,LA APARTADA,CÓRDOBA,23,286.54088905,390.117816325
5150,PUERTO WILCHES,SANTANDER,68,1501.28686438,396.300018311
5151,MONTELÍBANO,CÓRDOBA,23,1553.4693118,352.556596092
5152,SANTA ROSA DEL SUR,BOLÍVAR,13,2381.83686972,312.576583454
5153,SIMITÍ,BOLÍVAR,13,1356.88867926,388.285651107
5154,NECHÍ,ANTIOQUIA,5,943.2588653,342.256378063
5155,TIERRALTA,CÓRDOBA,23,4918.95090606,325.752760745
5156,RIO DE ORO,CESAR,20,548.8146473,295.596829896
5157,LA PLAYA,NORTE DE SANTANDER,54,242.5111961,265.124658454
5158,BUENAVISTA,CÓRDOBA,23,840.20024461,277.09203278
5159,PUERTO SANTANDER,NORTE DE SANTANDER,54,44.56859662,396.300018311
5160,REPELÓN,ATLÁNTICO,8,351.72211359,242.94414434
5161,EL GUAMO,BOLÍVAR,13,383.21171693,206.323231407
5162,ZAPAYÁN,MAGDALENA,47,352.75832128,144.299987793
5163,TUBARÁ,ATLÁNTICO,8,179.00386481,163.90397407
5164,SITIONUEVO,MAGDALENA,47,970.20477733,269.230531187
5165,PIJIÑO  DEL CARMEN,MAGDALENA,47,663.39430685,144.623479488
5166,SANTA ANA,MAGDALENA,47,1118.25685627,146.19900837
5167,ZAMBRANO,BOLÍVAR,13,310.86092169,144.299987793
5168,EL CARMEN DE BOLÍVAR,BOLÍVAR,13,933.86043506,141.359990404
5169,ITAGÜÍ,ANTIOQUIA,5,20.63246015,274.5
5170,EL PASO,CESAR,20,810.56127092,344.37348001
5171,SAN JACINTO,BOLÍVAR,13,440.80054576,144.299987793
5172,NUEVA GRANADA,MAGDALENA,47,843.34734759,384.890971158
5173,ARIGUANÍ (El Dificil),MAGDALENA,47,1132.78940822,144.299987793
5174,TENERIFE,MAGDALENA,47,494.93070436,382.870454197
5175,PLATO,MAGDALENA,47,1450.42757498,202.933698011
5176,BOSCONIA,CESAR,20,587.80482166,144.299987793
5177,MARÍA LA BAJA,BOLÍVAR,13,538.62393212,186.639136745
5178,SAN JUAN NEPOMUCENO,BOLÍVAR,13,634.5594688,144.299987793
5179,SAN ONOFRE,SUCRE,70,1071.7976993,144.299987793
5180,CHIVOLO,MAGDALENA,47,536.96711669,161.386581421
5181,PEDRAZA,MAGDALENA,47,321.26835934,249.65149318
5182,JUAN DE ACOSTA,ATLÁNTICO,8,168.46738706,356.144445576
5183,MALAMBO,ATLÁNTICO,8,98.96391029,197.322828528
5184,VILLA DEL ROSARIO,NORTE DE SANTANDER,54,91.86578594,182.646422541
5185,CÚCUTA,NORTE DE SANTANDER,54,1135.85351703,339.178900331
5186,EL ENCANTO,AMAZONAS,91,10708.3764341,396.130962839
5187,ARAUQUITA,ARAUCA,81,3082.00742453,382.354250158
5188,TARAIRA,VAUPÉS,97,6547.17425502,396.300018311
5189,PACOA (Cor. Departamental),VAUPÉS,97,14023.0165933,395.916984298
5190,PUERTO LEGUÍZAMO,PUTUMAYO,86,10785.5154437,392.586067557
5191,PUERTO ASÍS,PUTUMAYO,86,2813.37825737,395.517709051
5192,PUERTO ALEGRÍA,AMAZONAS,91,8406.70942757,394.043909376
5193,CLEMENCIA,BOLÍVAR,13,86.04080202,144.299987793
5194,PIVIJAY,MAGDALENA,47,1639.80634236,166.666744946
5195,SABANALARGA,ATLÁNTICO,8,396.90782585,179.073518865
5196,PONEDERA,ATLÁNTICO,8,204.73706136,162.602703166
5197,PUEBLO BELLO,CESAR,20,745.72861509,205.387582649
5198,PALMAR DE VARELA,ATLÁNTICO,8,91.49305413,278.833215651
5199,REMOLINO,MAGDALENA,47,597.49512391,144.371818779
5200,SANTO TOMÁS,ATLÁNTICO,8,65.92120366,272.181126241
5201,PIOJÓ,ATLÁNTICO,8,252.30085125,326.533841689
5202,SABANAGRANDE,ATLÁNTICO,8,42.39113219,144.639610434
5203,BARANOA,ATLÁNTICO,8,121.15436612,200.846420954
5204,VALLEDUPAR,CESAR,20,4181.25737156,339.178900331
5205,ARACATACA,MAGDALENA,47,1745.00373391,184.828849161
5206,USIACURÍ,ATLÁNTICO,8,103.72719987,144.374987793
5207,LORICA,CÓRDOBA,23,949.09298178,150.824988583
5208,MANAURE,LA GUAJIRA,44,1622.34976329,162.602703166
5209,SAN ANDRÉS,SAN ANDRÉS PROVIDENCIA Y SANTA CATALINA,88,27.30047586,339.178900331
5211,GUACHUCAL,NARIÑO,52,156.61434615,295.051003641
5212,SAMANIEGO,NARIÑO,52,604.43584286,280.088838734
5213,FLORENCIA,CAUCA,19,56.86303995,269.361562634
5214,ACEVEDO,HUILA,41,538.87469829,347.434594824
5215,MOTAVITA,BOYACÁ,15,59.80573146,235.216438398
5216,SUTAMARCHÁN,BOYACÁ,15,100.57724374,392.049580422
5217,VILLA DE LEIVA,BOYACÁ,15,127.56392676,395.872789106
5218,LLORÓ,CHOCÓ,27,833.48225381,257.969786406
5219,PAYA,BOYACÁ,15,443.38361758,321.41617234
5220,GUAYABAL DE SÍQUIMA,CUNDINAMARCA,25,61.80041858,264.770833333
5221,SOPÓ,CUNDINAMARCA,25,110.94404013,314.861302591
5222,GUATAVITA,CUNDINAMARCA,25,252.29862024,308.755186866
5223,TABIO,CUNDINAMARCA,25,75.59101491,372.54268198
5224,OTANCHE,BOYACÁ,15,475.38417374,347.88670168
5225,TARSO,ANTIOQUIA,5,119.78164512,317.130006409
5226,TASCO,BOYACÁ,15,210.26316207,327.495672655
5227,GUAVATÁ,SANTANDER,68,83.18427303,237.283898033
5228,SANTA ROSA DE VITERBO,BOYACÁ,15,118.03790189,277.086564558
5229,SAN JOSÉ DE PARE,BOYACÁ,15,72.42384324,364.202639314
5230,CAREPA,ANTIOQUIA,5,385.9391209,292.256170011
5231,OVEJAS,SUCRE,70,445.1770141,144.299987793
5232,FUNDACIÓN,MAGDALENA,47,969.88785383,223.784104288
5233,EL RETÉN,MAGDALENA,47,263.72689041,244.396092835
5234,POLONUEVO,ATLÁNTICO,8,74.15276458,144.399987793
5235,PUERTO ARICA,AMAZONAS,91,13659.0988486,396.300018311
5236,CANDELARIA,ATLÁNTICO,8,135.88022906,144.299987793
5237,SALAMINA,MAGDALENA,47,169.83855014,221.154687734
5238,SOLEDAD,ATLÁNTICO,8,59.2217465,314.861302591
5239,GALAPA,ATLÁNTICO,8,97.91662897,218.459151423
5240,ZONA BANANERA,MAGDALENA,47,446.10825546,144.418855717
5241,PUEBLOVIEJO,MAGDALENA,47,676.64745608,205.387582649
5242,CIÉNAGA,MAGDALENA,47,1325.0759003,192.329110018
5243,BARRANQUILLA,ATLÁNTICO,8,147.18362227,339.178900331
5244,COVEÑAS,SUCRE,70,51.89677507,144.299987793
5245,TURBO,ANTIOQUIA,5,2947.75207733,382.484495403
5246,MEDELLÍN,ANTIOQUIA,5,372.89793369,339.178900331
5247,BUENAVENTURA,VALLE DEL CAUCA,76,6391.86359893,275.384800809
5248,LA ESTRELLA,ANTIOQUIA,5,34.65803382,389.843921226
5249,MITÚ,VAUPÉS,97,16275.8364452,339.178900331
5250,YAVARATÉ  (Cor. Departamental),VAUPÉS,97,4666.38592437,396.300018311
5251,CÁCOTA,NORTE DE SANTANDER,54,138.80897745,383.176578252
5252,LURUACO,ATLÁNTICO,8,235.63590958,144.37525661
5253,BUCARASICA,NORTE DE SANTANDER,54,270.05587635,275.384800809
5254,LOS PATIOS,NORTE DE SANTANDER,54,126.46509336,390.182667895
5255,ARBOLEDAS,NORTE DE SANTANDER,54,457.03470583,215.473552158
5256,BOCHALEMA,NORTE DE SANTANDER,54,169.22779918,263.827692902
5257,RAGONVALIA,NORTE DE SANTANDER,54,97.47123662,357.821253281
5258,SURATÁ,SANTANDER,68,363.35300528,303.015900445
5259,SABANAS DE SAN ANGEL,MAGDALENA,47,1240.04585251,236.433652042
5260,RONDÓN,BOYACÁ,15,206.53358259,267.26549986
5261,EL TARRA,NORTE DE SANTANDER,54,701.82156777,344.37348001
5262,VILLA CARO,NORTE DE SANTANDER,54,401.17880903,352.950544689
5263,SARDINATA,NORTE DE SANTANDER,54,1457.35860523,269.261804563
5264,SIACHOQUE,BOYACÁ,15,119.44471283,283.440000861
5265,TIBANÁ,BOYACÁ,15,121.63832804,440.03125
5266,RAMIRIQUÍ,BOYACÁ,15,126.46021989,357.821253281
5267,ÚMBITA,BOYACÁ,15,145.83833151,315.001240502
5268,VIRACACHÁ,BOYACÁ,15,62.41843949,321.405407055
5269,CHINAVITA,BOYACÁ,15,136.37240598,365.142762495
5270,PAUNA,BOYACÁ,15,252.66913992,327.018065386
5271,TUNUNGUÁ,BOYACÁ,15,29.19601403,163.90397407
5272,BRICEÑO,BOYACÁ,15,65.70861487,321.935064935
5273,CABUYARO,META,50,912.70671148,339.055262829
5274,PUERTO LÓPEZ,META,50,6873.89278856,392.586067557
5275,PUERTO COLOMBIA,ATLÁNTICO,8,71.69448936,392.586067557
5276,TARAPACÁ,AMAZONAS,91,9134.78289175,382.870454197
5277,BECERRILL,CESAR,20,1231.33417942,238.682156078
5278,TIBÚ,NORTE DE SANTANDER,54,2680.81786777,379.785525486
5279,TOLEDO,NORTE DE SANTANDER,54,1477.72650729,289.342284551
5280,CHIRIGUANÁ,CESAR,20,1115.69225486,175.840499123
5281,HATO NUEVO,LA GUAJIRA,44,215.17430855,281.807029028
5282,FONSECA,LA GUAJIRA,44,472.52212036,218.95197031
5283,AGUSTÍN CODAZZI,CESAR,20,1755.34310612,219.184063578
5284,LA JAGUA DE IBIRICO,CESAR,20,751.55194519,267.317984867
5285,LA JAGUA DEL PILAR,LA GUAJIRA,44,178.51266857,164.031417701
5286,EL MOLINO,LA GUAJIRA,44,242.45104748,286.374912324
5287,VILLANUEVA,LA GUAJIRA,44,260.46114535,182.646422541
5288,URUMITA,LA GUAJIRA,44,246.11268348,255.186207615
5289,LA PAZ,CESAR,20,1070.81125484,267.26549986
5290,MANAURE BALCÓN DEL CESAR,CESAR,20,136.7103853,327.324219591
5291,ALBANIA,LA GUAJIRA,44,544.21701419,182.909576147
5292,EL CARMEN,NORTE DE SANTANDER,54,1729.02741859,275.380769221
5293,IPIALES,NARIÑO,52,1550.22116925,309.116870037
5294,CURUMANÍ,CESAR,20,913.36211663,162.309686663
5295,PUERTO NARIÑO,AMAZONAS,91,1473.10142887,364.936870607
5296,URIBIA,LA GUAJIRA,44,7883.56234274,112.051573286
5297,JURADÓ,CHOCÓ,27,1309.08143317,356.144445576
5298,ACANDÍ,CHOCÓ,27,812.59685905,347.434594824
5299,UNGUÍA,CHOCÓ,27,1181.58825294,320.779920438
5300,PUERTO COLOMBIA,GUAINÍA,94,15688.9719532,396.246400298
5301,BARRANCAS,LA GUAJIRA,44,800.52680335,200.846420954
5302,DISTRACCIÓN,LA GUAJIRA,44,232.95235957,150.319071739
5303,SAN JUAN DEL CESAR,LA GUAJIRA,44,1313.92374466,195.032481961
5304,RIOHACHA,LA GUAJIRA,44,3085.83783897,339.178900331
5305,MAICAO,LA GUAJIRA,44,1769.90494061,304.26131626
5306,LA GUADALUPE,GUAINÍA,94,1213.00873796,327.468536341
5307,CARTAGENA DE INDIAS,BOLÍVAR,13,600.77753976,339.178900331
5308,TURBANA,BOLÍVAR,13,151.65617817,201.779249769
5309,SANTA CATALINA,BOLÍVAR,13,162.41760756,224.044497159
5310,TUMACO,NARIÑO,52,3605.53553708,387.840654473
5311,TUMACO,NARIÑO,52,3605.53553708,387.840654473
5312,PANÁ-PANÁ (Campo Alegre),GUAINÍA,94,10196.3637393,393.095337403
5313,PANÁ-PANÁ (Campo Alegre),GUAINÍA,94,10196.3637393,393.095337403
5314,PANÁ-PANÁ (Campo Alegre),GUAINÍA,94,10196.3637393,393.095337403
5315,PANÁ-PANÁ (Campo Alegre),GUAINÍA,94,10196.3637393,393.095337403
5316,PANÁ-PANÁ (Campo Alegre),GUAINÍA,94,10196.3637393,393.095337403
5317,PANÁ-PANÁ (Campo Alegre),GUAINÍA,94,10196.3637393,393.095337403
5318,PANÁ-PANÁ (Campo Alegre),GUAINÍA,94,10196.3637393,393.095337403
5319,PANÁ-PANÁ (Campo Alegre),GUAINÍA,94,10196.3637393,393.095337403
5320,PANÁ-PANÁ (Campo Alegre),GUAINÍA,94,10196.3637393,393.095337403
5321,PANÁ-PANÁ (Campo Alegre),GUAINÍA,94,10196.3637393,393.095337403
5322,PANÁ-PANÁ (Campo Alegre),GUAINÍA,94,10196.3637393,393.095337403
5323,PANÁ-PANÁ (Campo Alegre),GUAINÍA,94,10196.3637393,393.095337403
5324,PANÁ-PANÁ (Campo Alegre),GUAINÍA,94,10196.3637393,393.095337403
5325,PANÁ-PANÁ (Campo Alegre),GUAINÍA,94,10196.3637393,393.095337403
5326,PANÁ-PANÁ (Campo Alegre),GUAINÍA,94,10196.3637393,393.095337403
5327,PANÁ-PANÁ (Campo Alegre),GUAINÍA,94,10196.3637393,393.095337403
5328,PANÁ-PANÁ (Campo Alegre),GUAINÍA,94,10196.3637393,393.095337403
5329,PANÁ-PANÁ (Campo Alegre),GUAINÍA,94,10196.3637393,393.095337403
5330,PANÁ-PANÁ (Campo Alegre),GUAINÍA,94,10196.3637393,393.095337403
5331,PANÁ-PANÁ (Campo Alegre),GUAINÍA,94,10196.3637393,393.095337403
5332,LETICIA,AMAZONAS,91,6209.69725641,339.178900331
